{"xyz_comp_train": 0.19286493957042694, "normals_comp_train": 0.06805630773305893, "Volumes_comp_train": 0.0026050282176584005, "total_loss_comp_train": 0.2635262608528137, "total_loss_train": 0.2635262608528137, "global_step": 0, "_runtime": 66, "_timestamp": 1637004251, "_step": 0}