{"xyz_comp_train": 0.5298125147819519, "normals_comp_train": 0.06719229370355606, "Volumes_comp_train": 1286.142333984375, "total_loss_comp_train": 1286.7393798828125, "total_loss_train": 1286.7393798828125, "global_step": 2, "_runtime": 405, "_timestamp": 1637003237, "_step": 1}